accuracy,auc,loss,precision,recall,val_accuracy,val_auc,val_loss,val_precision,val_recall,learning_rate
0.6981835961341858,0.7646565437316895,0.6425718069076538,0.7006348371505737,0.6848465204238892,0.774319052696228,0.8669697046279907,0.6317521929740906,0.7147002220153809,0.933080792427063,0.0005913125351071
0.7688939571380615,0.8450709581375122,0.5271238684654236,0.7466104030609131,0.8092749714851379,0.7665369510650635,0.8819738626480103,0.5872565507888794,0.7049335837364197,0.9381313323974608,0.0005913125351071
0.7813817858695984,0.8623873591423035,0.5013195276260376,0.7633681893348694,0.8112344741821289,0.7691310048103333,0.8944334983825684,0.5540933012962341,0.702602207660675,0.9545454382896424,0.0005913125351071
0.800843358039856,0.8755244612693787,0.4783461689949035,0.7871007919311523,0.8210319876670837,0.7749675512313843,0.8998712301254272,0.522597074508667,0.7073625326156616,0.9583333134651184,0.0005913125351071
0.8024651408195496,0.8814400434494019,0.4663488566875458,0.7760478854179382,0.8465055227279663,0.7749675512313843,0.9098939299583436,0.5016140937805176,0.7050691246986389,0.9659090638160706,0.0005913125351071
0.8066818118095398,0.8860930800437927,0.4596830308437347,0.7833333611488342,0.844219446182251,0.7996109127998352,0.9167474508285522,0.4661972224712372,0.7333333492279053,0.9583333134651184,0.0005913125351071
0.8144664168357849,0.8947063088417053,0.4443153738975525,0.7970879673957825,0.840300440788269,0.8151751160621643,0.9252129793167114,0.439492791891098,0.7517378330230713,0.9558081030845642,0.0005913125351071
0.8212779760360718,0.9029476046562196,0.4252602756023407,0.8013530373573303,0.8510777354240417,0.8184176683425903,0.9328341484069824,0.4200780689716339,0.7570281028747559,0.952020227909088,0.0005913125351071
0.8297113180160522,0.9073439240455629,0.4175086319446563,0.8076452612876892,0.8625081777572632,0.8229572176933289,0.9386094808578492,0.4017327129840851,0.7639877796173096,0.948232352733612,0.0005913125351071
0.8368472456932068,0.9149280190467834,0.4032512903213501,0.8178725838661194,0.8638144731521606,0.8430609703063965,0.9464049339294434,0.3724064826965332,0.7900843620300293,0.9457070827484132,0.0005913125351071
0.8368472456932068,0.9176445603370668,0.3973475098609924,0.8178725838661194,0.8638144731521606,0.853437066078186,0.9496456384658812,0.3578510582447052,0.8023504018783569,0.948232352733612,0.0005913125351071
0.8404151797294617,0.9159604907035828,0.4016073942184448,0.8212739825248718,0.8674069046974182,0.8664072751998901,0.9500782489776612,0.3426434099674225,0.8248336911201477,0.939393937587738,0.0005913125351071
0.8434966206550598,0.9236880540847778,0.385040283203125,0.8304443955421448,0.8605486750602722,0.8586251735687256,0.9539132714271544,0.3427245914936065,0.8092672228813171,0.948232352733612,0.0005913125351071
0.8488485217094421,0.926091969013214,0.3786219954490661,0.8291100263595581,0.8762246966362,0.8696498274803162,0.9575453996658324,0.3233993947505951,0.8279688954353333,0.941919207572937,0.0005913125351071
0.8543626070022583,0.9310950636863708,0.3673691153526306,0.8362336754798889,0.8788373470306396,0.8787289261817932,0.9616296291351318,0.3119478225708008,0.836484968662262,0.9494949579238892,0.0005913125351071
0.863606870174408,0.9336963295936584,0.360902726650238,0.8445547819137573,0.8889614343643188,0.8865110278129578,0.9652382135391236,0.299706220626831,0.8454647064208984,0.9532828330993652,0.0005913125351071
0.8566331267356873,0.9319598078727722,0.365444540977478,0.8403124809265137,0.8781841993331909,0.881322979927063,0.9658358693122864,0.3013457059860229,0.8417508602142334,0.9469696879386902,0.0005913125351071
0.861336350440979,0.9383282661437988,0.3502780795097351,0.8458163738250732,0.8814500570297241,0.8910505771636963,0.9676759839057922,0.2911729514598846,0.8529411554336548,0.952020227909088,0.0005913125351071
0.8710671663284302,0.9427173137664796,0.3384095430374145,0.8588160872459412,0.8860222101211548,0.8884565234184265,0.9688290953636168,0.2893096208572387,0.8498871326446533,0.9507575631141664,0.0005913125351071
0.8705806136131287,0.9425086975097656,0.340128630399704,0.8546366095542908,0.8909209370613098,0.8936446309089661,0.9718416929244996,0.2743505537509918,0.8584474921226501,0.9494949579238892,0.0005913125351071
0.8773921728134155,0.9485291242599488,0.323645681142807,0.8648734092712402,0.8925538659095764,0.8988326787948608,0.9708712697029114,0.2686992883682251,0.8689095377922058,0.9457070827484132,0.0005913125351071
0.8809601068496704,0.9530565142631532,0.3110601305961609,0.8716475367546082,0.8915741443634033,0.9092088341712952,0.9742609262466432,0.2535703480243683,0.8853427767753601,0.9457070827484132,0.0005913125351071
0.8811222910881042,0.9510271549224854,0.3171651363372803,0.8777164816856384,0.8837361335754395,0.9105058312416076,0.9741279482841492,0.2552077174186706,0.885613203048706,0.948232352733612,0.0005913125351071
0.8786895871162415,0.949864625930786,0.3206207156181335,0.8633794188499451,0.8977792263031006,0.9137483835220336,0.9772878885269164,0.2445284724235534,0.8871915340423584,0.9532828330993652,0.0005913125351071
0.8795005083084106,0.951293170452118,0.315654993057251,0.8668143153190613,0.8948400020599365,0.9202334880828856,0.9783796072006226,0.2379040569067001,0.901560604572296,0.948232352733612,0.0005913125351071
0.8829062581062317,0.9530700445175172,0.3097534477710724,0.875,0.8915741443634033,0.9247730374336244,0.978020191192627,0.2378243803977966,0.90625,0.952020227909088,0.0005913125351071
0.8846902251243591,0.956071436405182,0.3028861284255981,0.8735303282737732,0.8977792263031006,0.920881986618042,0.9805446267127992,0.2358924895524978,0.8895348906517029,0.9659090638160706,0.0005913125351071
0.8893934488296509,0.9578567743301392,0.2967418134212494,0.8772986531257629,0.9036577343940736,0.9247730374336244,0.9798316359519958,0.2334399819374084,0.8967136144638062,0.9646464586257936,0.0005913125351071
0.8889068961143494,0.95729798078537,0.296647846698761,0.879591166973114,0.8994121551513672,0.926718533039093,0.979937732219696,0.2284103631973266,0.9017751216888428,0.9621211886405944,0.0005913125351071
0.8885825276374817,0.959037184715271,0.2914079427719116,0.8712097406387329,0.9101893901824952,0.9345006346702576,0.9823392629623412,0.2209364771842956,0.9079102873802184,0.9709596037864684,0.0005913125351071
0.8913396000862122,0.9606246948242188,0.2878110408782959,0.8873056769371033,0.8948400020599365,0.9215304851531982,0.9811489582061768,0.2282119989395141,0.8887601494789124,0.9684343338012696,0.0005913125351071
0.8955562710762024,0.961567759513855,0.2831099927425384,0.8816288113594055,0.912148892879486,0.9312580823898317,0.981537938117981,0.219937652349472,0.9063981175422668,0.9659090638160706,0.0005913125351071
0.8978267908096313,0.9620856046676636,0.282354325056076,0.8915002942085266,0.9043108820915222,0.9280155897140504,0.982312262058258,0.2213537842035293,0.9010600447654724,0.9659090638160706,0.0005913125351071
0.9020434617996216,0.9649020433425904,0.2726228833198547,0.8924010396003723,0.9128021001815796,0.9325551390647888,0.9815421104431152,0.2188478261232376,0.9047058820724488,0.9709596037864684,0.0005913125351071
0.8950697183609009,0.9612637162208556,0.2848012149333954,0.8834550380706787,0.9085565209388732,0.9345006346702576,0.9820404052734376,0.2129091024398803,0.9088757634162904,0.9696969985961914,0.0005913125351071
0.9022056460380554,0.9647977948188782,0.2730511426925659,0.8980252742767334,0.9059438109397888,0.9247730374336244,0.9842735528945924,0.2181212753057479,0.8912037014961243,0.9722222089767456,0.0005913125351071
0.897178053855896,0.9639386534690856,0.2752529382705688,0.8798497915267944,0.918354034423828,0.9364461898803712,0.984691083431244,0.20815309882164,0.913095235824585,0.9684343338012696,0.0005913125351071
0.901719093322754,0.9685159921646118,0.2609232068061828,0.8999999761581421,0.9023513793945312,0.9383916854858398,0.9831127524375916,0.2050390839576721,0.923450767993927,0.9595959782600404,0.0005913125351071
0.9030165672302246,0.9687574505805968,0.2602790296077728,0.8971630930900574,0.9088830947875975,0.9254215359687804,0.983510196208954,0.213466465473175,0.8922364115715027,0.9722222089767456,0.0005913125351071
0.9046383500099182,0.9679358005523682,0.2629689276218414,0.891951858997345,0.9193337559700012,0.9377431869506836,0.9841691851615906,0.2011578381061554,0.915274441242218,0.9684343338012696,0.0005913125351071
0.9052870869636536,0.9675928354263306,0.2623854577541351,0.8978805541992188,0.913128674030304,0.9351491332054138,0.984562337398529,0.204880952835083,0.9089834690093994,0.9709596037864684,0.0005913125351071
0.9072332382202148,0.9684872031211852,0.2591745257377624,0.8964968323707581,0.9193337559700012,0.9364461898803712,0.98451429605484,0.2019944190979004,0.9140811562538148,0.9671717286109924,0.0005913125351071
0.9056113958358764,0.9668342471122742,0.2655821740627289,0.900775671005249,0.9101893901824952,0.9377431869506836,0.984780251979828,0.2025052309036255,0.9123222827911376,0.9722222089767456,0.0005913125351071
0.907071053981781,0.9713377356529236,0.2496373951435089,0.9028812050819396,0.9108425974845886,0.9338521361351012,0.9858678579330444,0.2023230195045471,0.9049295783042908,0.9734848737716676,0.0005913125351071
0.9103146195411682,0.9713677763938904,0.2494517266750335,0.9040257930755616,0.9167211055755616,0.9338521361351012,0.9856354594230652,0.1962994933128357,0.9068396091461182,0.9709596037864684,0.0005913125351071
0.909179389476776,0.970192849636078,0.2532153129577636,0.9012187123298644,0.9177008271217346,0.9474708437919616,0.986276924610138,0.1882321983575821,0.9340659379959106,0.9659090638160706,0.0005913125351071
0.9138825535774232,0.9726893901824952,0.2434136867523193,0.9096795320510864,0.9177008271217346,0.929961085319519,0.9855513572692872,0.2026481330394745,0.8995327353477478,0.9722222089767456,0.0005913125351071
0.9085306525230408,0.9715582132339478,0.248003140091896,0.9016076922416688,0.9157413244247437,0.9403372406959534,0.9849554300308228,0.1952117383480072,0.9206730723381042,0.9671717286109924,0.0005913125351071
0.9155043959617616,0.9717590808868408,0.2458862960338592,0.9065600037574768,0.925212264060974,0.9409857392311096,0.9860833287239076,0.1877281665802002,0.9258809089660645,0.9621211886405944,0.0005913125351071
0.9130716919898988,0.9737794995307922,0.2395465224981308,0.90794575214386,0.9180274605751038,0.942282736301422,0.9876523613929749,0.1835982650518417,0.9209581017494202,0.9709596037864684,0.0005913125351071
0.916153073310852,0.9735291004180908,0.2402929961681366,0.911945641040802,0.9199869632720948,0.941634237766266,0.9856657385826112,0.1890347450971603,0.9290953278541564,0.9595959782600404,0.0005913125351071
0.9142069220542908,0.9749951362609864,0.2346742004156112,0.902191162109375,0.9278249740600586,0.9461737871170044,0.9873796105384828,0.1803117990493774,0.9339045286178588,0.9633838534355164,0.0005913125351071
0.919396698474884,0.976134479045868,0.2288078665733337,0.9178885817527772,0.9199869632720948,0.9370946884155272,0.9862533807754515,0.1910875141620636,0.9122182726860046,0.9709596037864684,0.0005913125351071
0.9114499092102052,0.9703502655029296,0.2504079937934875,0.9050225615501404,0.9180274605751038,0.9364461898803712,0.988150715827942,0.1880709826946258,0.9091981053352356,0.9734848737716676,0.0005913125351071
0.91501784324646,0.9745975136756896,0.2348075956106186,0.90336936712265,0.928151547908783,0.942282736301422,0.9857777953147888,0.1881418973207473,0.9229843616485596,0.9684343338012696,0.0005913125351071
0.9133960604667664,0.9741954207420348,0.235492318868637,0.903318464756012,0.9245591163635254,0.9312580823898317,0.9872727990150452,0.1900348365306854,0.9054373502731324,0.9671717286109924,0.0005913125351071
0.9130716919898988,0.9741191267967224,0.2365441173315048,0.905587673187256,0.9209666848182678,0.9396887421607972,0.9865487813949584,0.1866150349378585,0.9236363768577576,0.9621211886405944,0.0005913125351071
0.9221537709236144,0.976948380470276,0.2241715192794799,0.9197009205818176,0.9239059686660768,0.944876790046692,0.9882104992866516,0.1780784577131271,0.9274486303329468,0.9684343338012696,0.0005913125351071
0.9166396260261536,0.9749835729599,0.23284712433815,0.9075495600700378,0.9265186190605164,0.9403372406959534,0.9878889322280884,0.1800779700279235,0.9216867685317992,0.9659090638160706,0.0005913125351071
0.918423593044281,0.9739853739738464,0.2360660433769226,0.9142116904258728,0.92227303981781,0.939040184020996,0.988054633140564,0.1812651306390762,0.916467785835266,0.9696969985961914,0.0005913125351071
0.923775553703308,0.9778388738632202,0.2215545922517776,0.9199610948562622,0.9271717667579652,0.9494163393974304,0.987655758857727,0.175806388258934,0.933252453804016,0.9709596037864684,0.0005913125351071
0.9177749156951904,0.9750969409942628,0.2330763936042785,0.9095864295959472,0.9265186190605164,0.9474708437919616,0.9878206849098206,0.1774064600467682,0.9351285099983216,0.9646464586257936,0.0005913125351071
0.9245864152908324,0.9789531230926514,0.2162424325942993,0.918196439743042,0.931090772151947,0.9461737871170044,0.9880926609039308,0.1760557889938354,0.9307411909103394,0.9671717286109924,0.0005913125351071
0.9224780797958374,0.9780560731887816,0.2195023149251938,0.9173126816749572,0.9274983406066896,0.9357976913452148,0.9879772663116456,0.1831716895103454,0.9071680307388306,0.9747474789619446,0.0005913125351071
0.9153422117233276,0.975037157535553,0.2311423867940902,0.9078356027603148,0.9232527613639832,0.939040184020996,0.9867061972618104,0.1840942203998565,0.9204819202423096,0.9646464586257936,0.0005913125351071
0.9187479615211488,0.9766237139701844,0.2254721671342849,0.9139993786811828,0.9232527613639832,0.942282736301422,0.9890016913414,0.1767026782035827,0.9179548025131226,0.9747474789619446,0.0005913125351071
0.9224780797958374,0.9770299792289734,0.22342349588871,0.9122527241706848,0.9337034821510316,0.941634237766266,0.98747056722641,0.1799306124448776,0.9259708523750304,0.9633838534355164,0.0005913125351071
0.9257217049598694,0.979568362236023,0.2126507461071014,0.9165067076683044,0.9356629848480223,0.9468222856521606,0.988767683506012,0.1716607958078384,0.9382715821266174,0.9595959782600404,0.0005913125351071
0.9244242906570436,0.9781671762466432,0.2185261696577072,0.9189800024032592,0.9297844767570496,0.944876790046692,0.9881852865219116,0.1743229627609253,0.9284848570823668,0.9671717286109924,0.0005913125351071
0.9245864152908324,0.9799529910087584,0.2116399109363556,0.9190061092376708,0.930111050605774,0.9468222856521606,0.9884461760520936,0.1706359833478927,0.9393564462661744,0.9583333134651184,0.0005913125351071
0.923937737941742,0.9795398712158204,0.213181272149086,0.9164792895317078,0.9317439794540404,0.9435797929763794,0.9881380796432496,0.1738916933536529,0.930402934551239,0.9621211886405944,0.0005913125351071
0.9263704419136048,0.981265425682068,0.2061802446842193,0.9239271879196168,0.928151547908783,0.942282736301422,0.989003360271454,0.1776624172925949,0.915976345539093,0.9772727489471436,0.0005913125351071
0.9231268167495728,0.9789408445358276,0.2140520215034485,0.9152759909629822,0.9314173460006714,0.9364461898803712,0.9878813028335572,0.1827362030744552,0.9091981053352356,0.9734848737716676,0.0005913125351071
0.9291274547576904,0.9823094606399536,0.2012359797954559,0.9227052927017212,0.9356629848480223,0.9507133364677428,0.9888527393341064,0.1677286624908447,0.939803421497345,0.9659090638160706,0.0005913125351071
0.9291274547576904,0.9820000529289246,0.2021812945604324,0.923523724079132,0.9346832036972046,0.9494163393974304,0.9884216785430908,0.1698826104402542,0.9440298676490784,0.9583333134651184,0.0005913125351071
0.9310736060142516,0.9813640713691713,0.203179582953453,0.9285017848014832,0.933050274848938,0.9474708437919616,0.9895850419998168,0.1647603809833526,0.9361963272094728,0.9633838534355164,0.0005913125351071
0.9253973364830016,0.980927586555481,0.2058113515377044,0.9183279871940612,0.9327237010002136,0.9507133364677428,0.989766001701355,0.1667967736721038,0.9365853667259216,0.9696969985961914,0.0005913125351071
0.9279922246932985,0.9798359870910645,0.2103926390409469,0.923624575138092,0.9320705533027648,0.9468222856521606,0.9899545907974244,0.1678159385919571,0.9308252334594728,0.9684343338012696,0.0005913125351071
0.9317223429679872,0.9824231266975404,0.1981171518564224,0.9308319687843324,0.9317439794540404,0.9429312348365784,0.9893552660942078,0.1728264689445495,0.922062337398529,0.9709596037864684,0.0005913125351071
0.9279922246932985,0.9810168743133544,0.2054848223924636,0.91847825050354,0.9382756352424622,0.953955888748169,0.9889014959335328,0.1680126786231994,0.9412484765052797,0.9709596037864684,0.0005913125351071
0.9315601587295532,0.9817492365837096,0.2013306468725204,0.9274611473083496,0.935336410999298,0.9442282915115356,0.9892483949661256,0.1693883389234542,0.9263284802436828,0.9684343338012696,0.0005913125351071
0.9322088956832886,0.9828259944915771,0.1966596841812133,0.9204834699630736,0.9451339244842528,0.9552529454231262,0.9899393916130066,0.1596699506044387,0.9479553699493408,0.9659090638160706,0.0005913125351071
0.9307492971420288,0.9828178882598876,0.1963977664709091,0.927898645401001,0.933050274848938,0.9474708437919616,0.989085018634796,0.166672483086586,0.939431369304657,0.9595959782600404,0.0005913125351071
0.933019757270813,0.9826582670211792,0.1967488378286361,0.9279482960700988,0.9379490613937378,0.9442282915115356,0.9887861609458924,0.17255499958992,0.9294403791427612,0.9646464586257936,0.0005913125351071
0.929614007472992,0.9811643958091736,0.2037832587957382,0.9235976934432985,0.9356629848480223,0.9533073902130128,0.9900201559066772,0.1597261130809784,0.9411764740943908,0.9696969985961914,0.0005913125351071
0.9333441257476808,0.9834592342376708,0.192706361413002,0.9277186393737792,0.9389287829399108,0.9461737871170044,0.9890967607498168,0.1670932471752166,0.942571759223938,0.9532828330993652,0.0005913125351071
0.9325332641601562,0.9829936027526855,0.1946416050195694,0.9298245906829834,0.9346832036972046,0.9461737871170044,0.9902483224868774,0.1655072420835495,0.9255702495574952,0.9734848737716676,0.0005913125351071
0.9291274547576904,0.9816589951515198,0.2015545517206192,0.9279426336288452,0.9294578433036804,0.945525288581848,0.9893990159034728,0.1674002408981323,0.9275362491607666,0.9696969985961914,0.0005913125351071
0.9288030862808228,0.9809566736221312,0.2047151178121566,0.9242963194847108,0.933050274848938,0.948119342327118,0.9902036786079408,0.1602518260478973,0.9405940771102904,0.9595959782600404,0.0005913125351071
0.9361011981964112,0.9831452965736388,0.1932987719774246,0.9314359426498412,0.9405617117881776,0.9526588916778564,0.990073263645172,0.1593032777309417,0.9533417224884032,0.9545454382896424,0.0005913125351071
0.9299383759498596,0.9827358722686768,0.1972400844097137,0.9300196170806884,0.9288046956062316,0.9507133364677428,0.9901077151298524,0.1621148586273193,0.937652826309204,0.9684343338012696,0.0005913125351071
0.9297761917114258,0.9842559099197388,0.1906972229480743,0.928874373435974,0.9297844767570496,0.9429312348365784,0.988092601299286,0.1746195703744888,0.9230769276618958,0.9696969985961914,0.0005913125351071
0.9338306784629822,0.9831125736236572,0.1937835365533828,0.927237629890442,0.9405617117881776,0.948119342327118,0.989329993724823,0.1655865907669067,0.9309927225112916,0.9709596037864684,0.0005913125351071
0.9357768297195436,0.985098123550415,0.1847351789474487,0.9319507479667664,0.93925541639328,0.953955888748169,0.9903661012649536,0.1590295284986496,0.9412484765052797,0.9709596037864684,0.0005913125351071
0.9356146454811096,0.9841076731681824,0.1883385479450225,0.934463620185852,0.9359895586967468,0.9533073902130128,0.9907677173614502,0.1599414050579071,0.9411764740943908,0.9696969985961914,0.0005913125351071
0.9346415996551514,0.984004557132721,0.1897140890359878,0.9295638203620912,0.9395819902420044,0.948119342327118,0.990792155265808,0.1604049354791641,0.9278846383094788,0.9747474789619446,0.0005913125351071
0.93837171792984,0.9846830368041992,0.1860973984003067,0.934261679649353,0.942194640636444,0.9526588916778564,0.990553081035614,0.1564198583364486,0.9454770684242249,0.9633838534355164,0.0005913125351071
0.936263382434845,0.9850721955299376,0.1839100867509842,0.9331386089324952,0.9389287829399108,0.9494163393974304,0.9900690317153932,0.161810964345932,0.9343065619468688,0.9696969985961914,0.0005913125351071
0.9356146454811096,0.9839786291122437,0.1891018450260162,0.931090235710144,0.9399085640907288,0.9533073902130128,0.9909141063690186,0.1544654071331024,0.942260444164276,0.9684343338012696,0.0005913125351071
0.9382095336914062,0.9845807552337646,0.1851585954427719,0.9350860118865968,0.940888285636902,0.9520103931427002,0.9909772276878356,0.1535369306802749,0.942118227481842,0.9659090638160706,0.0005913125351071
0.9430749416351318,0.9875101447105408,0.1712781339883804,0.9390994310379028,0.9467667937278748,0.9507133364677428,0.9919840097427368,0.1526490449905395,0.9292566180229188,0.9785353541374208,0.0005913125351071
0.9365877509117126,0.9837195873260498,0.1892125606536865,0.9362953305244446,0.9359895586967468,0.948119342327118,0.9910109043121338,0.1576589792966842,0.9278846383094788,0.9747474789619446,0.0005913125351071
0.9365877509117126,0.985103189945221,0.1838139593601226,0.9276337027549744,0.946113646030426,0.9461737871170044,0.9887794256210328,0.1651498079299926,0.942571759223938,0.9532828330993652,0.0005913125351071
0.9388582706451416,0.9851897358894348,0.1828307807445526,0.934606671333313,0.9428477883338928,0.9507133364677428,0.9901127219200134,0.1570347100496292,0.9430692791938782,0.9621211886405944,0.0005913125351071
0.9370743036270142,0.9856540560722352,0.180639162659645,0.9366427063941956,0.9366427063941956,0.951361894607544,0.990779459476471,0.1576543599367141,0.9324487447738647,0.9760100841522216,0.0005913125351071
0.9377229809761048,0.984260082244873,0.1861292272806167,0.93502277135849,0.9399085640907288,0.9565499424934388,0.9910252690315248,0.1535386145114898,0.9458794593811036,0.9709596037864684,0.0005913125351071
0.9386960864067078,0.9859164357185364,0.1784421056509018,0.9351491332054138,0.9418680667877196,0.9403372406959534,0.989105224609375,0.1733677238225937,0.9166666865348816,0.9722222089767456,0.0005913125351071
0.9372364282608032,0.9860475063323976,0.1780894547700882,0.9282740950584412,0.9467667937278748,0.953955888748169,0.9903375506401062,0.1504233926534652,0.9557521939277648,0.9545454382896424,0.0005913125351071
0.9427505731582642,0.986672341823578,0.1739024966955185,0.9402015209197998,0.9448072910308838,0.9487678408622742,0.9896026849746704,0.1587711125612259,0.939580738544464,0.9621211886405944,0.0005913125351071
0.9401556849479676,0.9859269261360168,0.1790577620267868,0.9356195330619812,0.9444807171821594,0.9507133364677428,0.9903181791305542,0.1536348760128021,0.9452736377716064,0.9595959782600404,0.0005913125351071
0.9404800534248352,0.9862268567085266,0.1754274517297744,0.934817671775818,0.946113646030426,0.9526588916778564,0.991249978542328,0.1473592221736908,0.9488139748573304,0.9595959782600404,0.0005913125351071
0.9370743036270142,0.9851803779602052,0.1832315176725387,0.9340909123420716,0.9395819902420044,0.9520103931427002,0.9917954802513124,0.1468037366867065,0.9465174078941344,0.9608585834503174,0.0005913125351071
0.9372364282608032,0.98408842086792,0.1864453703165054,0.9363784790039062,0.9372959136962892,0.9494163393974304,0.990631341934204,0.155079647898674,0.9343065619468688,0.9696969985961914,0.0005913125351071
0.939669132232666,0.9870796799659728,0.1722921431064605,0.9327541589736938,0.9467667937278748,0.957198441028595,0.9913055300712584,0.1474325656890869,0.9514925479888916,0.9659090638160706,0.0005913125351071
0.9401556849479676,0.9863497018814088,0.1753188669681549,0.9353378415107728,0.9448072910308838,0.9552529454231262,0.9914512038230896,0.1493649780750274,0.9468479752540588,0.9671717286109924,0.0005913125351071
0.936263382434845,0.9856775403022766,0.1796355545520782,0.9359686374664308,0.9356629848480223,0.9507133364677428,0.9903056025505066,0.1551596075296402,0.9419752955436708,0.9633838534355164,0.0005913125351071
0.9356146454811096,0.9842272400856018,0.1865230351686477,0.927768886089325,0.9438275694847108,0.9552529454231262,0.9901027083396912,0.1531559526920318,0.9535759091377258,0.9595959782600404,0.0005913125351071
0.9433993101119996,0.9880401492118835,0.1680657416582107,0.9440261721611024,0.9418680667877196,0.9533073902130128,0.9900067448616028,0.1533442437648773,0.9477611780166626,0.9621211886405944,0.0005913125351071
0.9375607967376708,0.9844174981117249,0.1856164634227752,0.9361355304718018,0.9382756352424622,0.9474708437919616,0.990813970565796,0.1578739285469055,0.9277978539466858,0.9734848737716676,0.0005913125351071
0.941939651966095,0.986701250076294,0.1729730516672134,0.9344472885131836,0.9497060775756836,0.951361894607544,0.9901960492134094,0.1524420380592346,0.9453415870666504,0.9608585834503174,0.0005913125351071
0.9458319544792176,0.98841392993927,0.1637842953205108,0.9445893168449402,0.9464402198791504,0.9500648379325868,0.9895050525665284,0.1595571786165237,0.9386503100395204,0.9659090638160706,0.0005913125351071
0.9424262046813964,0.9880696535110474,0.1668021082878112,0.9430441856384276,0.940888285636902,0.9533073902130128,0.990450382232666,0.1559236496686935,0.9379562139511108,0.9734848737716676,0.0005913125351071
0.9408044219017028,0.9854367971420288,0.1799640655517578,0.937682569026947,0.9435009956359864,0.9500648379325868,0.9912997484207152,0.1488154977560043,0.9386503100395204,0.9659090638160706,0.0005913125351071
0.9425883889198304,0.9876851439476012,0.168773666024208,0.939896047115326,0.9448072910308838,0.9507133364677428,0.990093469619751,0.1655351966619491,0.92720764875412,0.9810606241226196,0.0005913125351071
0.9401556849479676,0.9868155717849731,0.1719265729188919,0.9325409531593324,0.948073148727417,0.9552529454231262,0.9909856915473938,0.1489508748054504,0.9490683078765868,0.9646464586257936,0.0005913125351071
0.9398313164711,0.9862625002861024,0.1764822155237198,0.9372765421867372,0.9418680667877196,0.9546043872833252,0.9909359812736512,0.1493859142065048,0.9467821717262268,0.9659090638160706,0.0005913125351071
0.944210171699524,0.9886019229888916,0.1638018488883972,0.9386700987815856,0.9497060775756836,0.953955888748169,0.9921422600746156,0.1420934498310089,0.9434194564819336,0.9684343338012696,0.0005913125351071
0.942912757396698,0.9880102276802064,0.1666900664567947,0.941943883895874,0.943174421787262,0.9578469395637512,0.992091715335846,0.1430001109838485,0.9471094608306884,0.9722222089767456,0.0005913125351071
0.9445345401763916,0.988789200782776,0.1602207422256469,0.9418453574180604,0.9467667937278748,0.9552529454231262,0.9915218353271484,0.1462973207235336,0.9424724578857422,0.9722222089767456,0.0005913125351071
0.9386960864067078,0.9856338500976562,0.178053542971611,0.9329032301902772,0.9444807171821594,0.9546043872833252,0.9920228123664856,0.1420811116695404,0.9490049481391908,0.9633838534355164,0.0005913125351071
0.9425883889198304,0.9871898293495178,0.1697549670934677,0.9339743852615356,0.9516655802726746,0.9565499424934388,0.9927474856376648,0.1400799602270126,0.9436964392662048,0.9734848737716676,0.0005913125351071
0.944210171699524,0.9878852963447572,0.1666702777147293,0.9418075680732728,0.946113646030426,0.9507133364677428,0.9916229248046876,0.1456469297409057,0.9408866763114928,0.9646464586257936,0.0005913125351071
0.9453454613685608,0.9884257316589355,0.1627266705036163,0.946867823600769,0.9428477883338928,0.9526588916778564,0.9917852282524108,0.1469314098358154,0.9432799220085144,0.9659090638160706,0.0005913125351071
0.9417774677276612,0.9879339337348938,0.1647048890590667,0.934426248073578,0.9493795037269592,0.9584954380989076,0.991636335849762,0.1411899179220199,0.9493827223777772,0.9709596037864684,0.0005913125351071
0.9443723559379578,0.9874547123908995,0.1680549085140228,0.943556308746338,0.9444807171821594,0.960440993309021,0.9919165968894958,0.1388962566852569,0.9585947394371032,0.9646464586257936,0.0005913125351071
0.9464806914329528,0.9872165322303772,0.1671649515628814,0.9449511170387268,0.9474200010299684,0.948119342327118,0.9913552403450012,0.1561539471149444,0.9278846383094788,0.9747474789619446,0.0005913125351071
0.946318507194519,0.9884596467018129,0.1610269099473953,0.942912757396698,0.9493795037269592,0.9533073902130128,0.9919941425323486,0.1450001746416092,0.9379562139511108,0.9734848737716676,0.0005913125351071
0.9421018362045288,0.9868502616882324,0.1715817600488662,0.9347476959228516,0.9497060775756836,0.9565499424934388,0.9917585253715516,0.1422465443611145,0.9514321088790894,0.9646464586257936,0.0005913125351071
0.9425883889198304,0.9876673221588136,0.1685946434736251,0.94248366355896,0.9418680667877196,0.944876790046692,0.9917356967926024,0.1560092270374298,0.9213349223136902,0.9760100841522216,0.0005913125351071
0.947291612625122,0.9883599877357484,0.1611015945672989,0.9413092732429504,0.9532985091209412,0.951361894607544,0.9919014573097228,0.1496906280517578,0.9334945678710938,0.9747474789619446,0.0005913125351071
0.9502108097076416,0.9899879693984984,0.1521928310394287,0.9462261199951172,0.95395165681839,0.9461737871170044,0.9907314777374268,0.1615025103092193,0.9235364198684692,0.9760100841522216,0.0005913125351071
0.9466428756713868,0.987874150276184,0.1643024384975433,0.9441013932228088,0.9487262964248656,0.951361894607544,0.9926565885543824,0.14555324614048,0.9324487447738647,0.9760100841522216,0.0005913125351071
0.9448589086532592,0.9887321591377258,0.1614144742488861,0.935659408569336,0.9546048045158386,0.9565499424934388,0.992319107055664,0.1368472874164581,0.9536921381950378,0.9621211886405944,0.0005913125351071
0.9489133954048156,0.98898845911026,0.1594173461198806,0.9443545937538148,0.9532985091209412,0.9552529454231262,0.991728901863098,0.1458944082260131,0.941391944885254,0.9734848737716676,0.0005913125351071
0.9492377638816832,0.9898960590362548,0.1538255959749221,0.942958414554596,0.9555845856666564,0.9507133364677428,0.9911817908287048,0.1495094001293182,0.937652826309204,0.9684343338012696,0.0005913125351071
0.945183277130127,0.9886633157730104,0.1618505716323852,0.9396384954452516,0.9506857991218568,0.9533073902130128,0.9918744564056396,0.1429422348737716,0.9433497786521912,0.9671717286109924,0.0005913125351071
0.9412909746170044,0.986830234527588,0.171316996216774,0.9403131008148192,0.9415414929389954,0.951361894607544,0.9913872480392456,0.1443314999341964,0.942046880722046,0.9646464586257936,0.0005913125351071
0.945183277130127,0.9872013926506042,0.1687143743038177,0.938223958015442,0.9523187279701232,0.957198441028595,0.9920033812522888,0.1410291194915771,0.9437652826309204,0.9747474789619446,0.0005913125351071
0.9477781653404236,0.989542841911316,0.1553611308336258,0.9439404010772704,0.9513390064239502,0.9487678408622742,0.9919048547744752,0.1479715555906295,0.931076169013977,0.9722222089767456,0.0005913125351071
0.9487512111663818,0.9882224798202516,0.160760298371315,0.948986291885376,0.9477465748786926,0.9533073902130128,0.9918990135192872,0.1458609402179718,0.9379562139511108,0.9734848737716676,0.0005913125351071
